Date,Year,Month,Month_Name,Quarter,Day_of_Week,Week_Number
2024-01-01,2024,1,January,1,Monday,1
2024-01-02,2024,1,January,1,Tuesday,1
2024-01-03,2024,1,January,1,Wednesday,1
2024-01-04,2024,1,January,1,Thursday,1
2024-01-05,2024,1,January,1,Friday,1
2024-01-08,2024,1,January,1,Monday,2
2024-01-09,2024,1,January,1,Tuesday,2
2024-01-10,2024,1,January,1,Wednesday,2
2024-01-11,2024,1,January,1,Thursday,2
2024-01-12,2024,1,January,1,Friday,2
2024-01-15,2024,1,January,1,Monday,3
2024-01-16,2024,1,January,1,Tuesday,3
2024-01-17,2024,1,January,1,Wednesday,3
2024-01-18,2024,1,January,1,Thursday,3
2024-01-19,2024,1,January,1,Friday,3
2024-01-22,2024,1,January,1,Monday,4
2024-01-23,2024,1,January,1,Tuesday,4
2024-01-24,2024,1,January,1,Wednesday,4
2024-01-25,2024,1,January,1,Thursday,4
2024-01-26,2024,1,January,1,Friday,4
2024-01-29,2024,1,January,1,Monday,5
2024-01-30,2024,1,January,1,Tuesday,5
2024-01-31,2024,1,January,1,Wednesday,5
2024-02-01,2024,2,February,1,Thursday,5
2024-02-02,2024,2,February,1,Friday,5
2024-02-05,2024,2,February,1,Monday,6
2024-02-06,2024,2,February,1,Tuesday,6
2024-02-07,2024,2,February,1,Wednesday,6
2024-02-08,2024,2,February,1,Thursday,6
2024-02-09,2024,2,February,1,Friday,6
2024-02-12,2024,2,February,1,Monday,7
2024-02-13,2024,2,February,1,Tuesday,7
2024-02-14,2024,2,February,1,Wednesday,7
2024-02-15,2024,2,February,1,Thursday,7
2024-02-16,2024,2,February,1,Friday,7
2024-02-19,2024,2,February,1,Monday,8
2024-02-20,2024,2,February,1,Tuesday,8
2024-02-21,2024,2,February,1,Wednesday,8
2024-02-22,2024,2,February,1,Thursday,8
2024-02-23,2024,2,February,1,Friday,8
2024-02-26,2024,2,February,1,Monday,9
2024-02-27,2024,2,February,1,Tuesday,9
2024-02-28,2024,2,February,1,Wednesday,9
2024-02-29,2024,2,February,1,Thursday,9
2024-03-01,2024,3,March,1,Friday,9
2024-03-04,2024,3,March,1,Monday,10
2024-03-05,2024,3,March,1,Tuesday,10
2024-03-06,2024,3,March,1,Wednesday,10
2024-03-07,2024,3,March,1,Thursday,10
2024-03-08,2024,3,March,1,Friday,10
2024-03-11,2024,3,March,1,Monday,11
2024-03-12,2024,3,March,1,Tuesday,11
2024-03-13,2024,3,March,1,Wednesday,11
2024-03-14,2024,3,March,1,Thursday,11
2024-03-15,2024,3,March,1,Friday,11
2024-03-18,2024,3,March,1,Monday,12
2024-03-19,2024,3,March,1,Tuesday,12
2024-03-20,2024,3,March,1,Wednesday,12
2024-03-21,2024,3,March,1,Thursday,12
2024-03-22,2024,3,March,1,Friday,12
2024-03-25,2024,3,March,1,Monday,13
2024-03-26,2024,3,March,1,Tuesday,13
2024-03-27,2024,3,March,1,Wednesday,13
2024-03-28,2024,3,March,1,Thursday,13
2024-03-29,2024,3,March,1,Friday,13
